{
	"result": {
		"mu": 12.3939534,
    	"sd": 1.43534623
}